{
    "acuracias_folds": [
        0.7994242906570435,
        0.803602933883667,
        0.8119428157806396,
        0.8072994351387024,
        0.8057206273078918
    ],
    "acuracia_media": 0.8055980205535889,
    "acuracia_std": 0.004129445050750589,
    "data_treinamento": "20250223_132413"
}